{
    "describe_num": {
        "hour": {
            "count": 5650.0,
            "mean": 10.378053097345132,
            "std": 1.6563753028621895,
            "min": 9.0,
            "25%": 9.0,
            "50%": 10.0,
            "75%": 11.0,
            "max": 14.0
        },
        "day_of_week": {
            "count": 5650.0,
            "mean": 4.95929203539823,
            "std": 1.8750411416099564,
            "min": 1.0,
            "25%": 6.0,
            "50%": 6.0,
            "75%": 6.0,
            "max": 6.0
        },
        "action_code": {
            "count": 5650.0,
            "mean": 1.8465486725663718,
            "std": 1.2669776545998255,
            "min": 0.0,
            "25%": 1.0,
            "50%": 2.0,
            "75%": 3.0,
            "max": 4.0
        },
        "actions_per_session": {
            "count": 5650.0,
            "mean": 2.489203539823009,
            "std": 2.1136014948783326,
            "min": 1.0,
            "25%": 1.0,
            "50%": 1.0,
            "75%": 4.0,
            "max": 8.0
        },
        "session_duration_sec": {
            "count": 5650.0,
            "mean": 4.44428949380531,
            "std": 58.89299455468308,
            "min": 0.0,
            "25%": 0.0,
            "50%": 0.0,
            "75%": 2.450114,
            "max": 1789.325828
        },
        "time_diff_sec": {
            "count": 5650.0,
            "mean": 1.5495757182300884,
            "std": 39.23596519697267,
            "min": 0.0,
            "25%": 0.0,
            "50%": 0.0,
            "75%": 0.2142,
            "max": 1789.325828
        },
        "is_private_ip": {
            "count": 5650.0,
            "mean": 0.8256637168141593,
            "std": 0.3794319764111935,
            "min": 0.0,
            "25%": 1.0,
            "50%": 1.0,
            "75%": 1.0,
            "max": 1.0
        },
        "is_bot": {
            "count": 5650.0,
            "mean": 0.3752212389380531,
            "std": 0.4842228414835799,
            "min": 0.0,
            "25%": 0.0,
            "50%": 0.0,
            "75%": 1.0,
            "max": 1.0
        }
    },
    "describe_all": {
        "event_id": {
            "count": 5650,
            "unique": 5650,
            "top": "ed119fe3-e1ba-479f-b554-c83b9b11a730",
            "freq": 1,
            "mean": NaN,
            "std": NaN,
            "min": NaN,
            "25%": NaN,
            "50%": NaN,
            "75%": NaN,
            "max": NaN
        },
        "session_id": {
            "count": 5650,
            "unique": 3891,
            "top": "sess_adaae58c2bd2",
            "freq": 8,
            "mean": NaN,
            "std": NaN,
            "min": NaN,
            "25%": NaN,
            "50%": NaN,
            "75%": NaN,
            "max": NaN
        },
        "timestamp": {
            "count": 5650,
            "unique": 5650,
            "top": "2025-12-14 12:08:13.163982",
            "freq": 1,
            "mean": NaN,
            "std": NaN,
            "min": NaN,
            "25%": NaN,
            "50%": NaN,
            "75%": NaN,
            "max": NaN
        },
        "event_time": {
            "count": 5650,
            "unique": 5650,
            "top": "2025-12-14 12:08:13.163982",
            "freq": 1,
            "mean": NaN,
            "std": NaN,
            "min": NaN,
            "25%": NaN,
            "50%": NaN,
            "75%": NaN,
            "max": NaN
        },
        "hour": {
            "count": 5650.0,
            "unique": NaN,
            "top": NaN,
            "freq": NaN,
            "mean": 10.378053097345132,
            "std": 1.6563753028621895,
            "min": 9.0,
            "25%": 9.0,
            "50%": 10.0,
            "75%": 11.0,
            "max": 14.0
        },
        "day_of_week": {
            "count": 5650.0,
            "unique": NaN,
            "top": NaN,
            "freq": NaN,
            "mean": 4.95929203539823,
            "std": 1.8750411416099564,
            "min": 1.0,
            "25%": 6.0,
            "50%": 6.0,
            "75%": 6.0,
            "max": 6.0
        },
        "action": {
            "count": 5650,
            "unique": 5,
            "top": "page_view",
            "freq": 2326,
            "mean": NaN,
            "std": NaN,
            "min": NaN,
            "25%": NaN,
            "50%": NaN,
            "75%": NaN,
            "max": NaN
        },
        "action_code": {
            "count": 5650.0,
            "unique": NaN,
            "top": NaN,
            "freq": NaN,
            "mean": 1.8465486725663718,
            "std": 1.2669776545998255,
            "min": 0.0,
            "25%": 1.0,
            "50%": 2.0,
            "75%": 3.0,
            "max": 4.0
        },
        "actions_per_session": {
            "count": 5650.0,
            "unique": NaN,
            "top": NaN,
            "freq": NaN,
            "mean": 2.489203539823009,
            "std": 2.1136014948783326,
            "min": 1.0,
            "25%": 1.0,
            "50%": 1.0,
            "75%": 4.0,
            "max": 8.0
        },
        "session_duration_sec": {
            "count": 5650.0,
            "unique": NaN,
            "top": NaN,
            "freq": NaN,
            "mean": 4.44428949380531,
            "std": 58.89299455468308,
            "min": 0.0,
            "25%": 0.0,
            "50%": 0.0,
            "75%": 2.450114,
            "max": 1789.325828
        },
        "time_diff_sec": {
            "count": 5650.0,
            "unique": NaN,
            "top": NaN,
            "freq": NaN,
            "mean": 1.5495757182300884,
            "std": 39.23596519697267,
            "min": 0.0,
            "25%": 0.0,
            "50%": 0.0,
            "75%": 0.2142,
            "max": 1789.325828
        },
        "ip_address": {
            "count": 5650,
            "unique": 3755,
            "top": "157.55.39.82",
            "freq": 16,
            "mean": NaN,
            "std": NaN,
            "min": NaN,
            "25%": NaN,
            "50%": NaN,
            "75%": NaN,
            "max": NaN
        },
        "is_private_ip": {
            "count": 5650.0,
            "unique": NaN,
            "top": NaN,
            "freq": NaN,
            "mean": 0.8256637168141593,
            "std": 0.3794319764111935,
            "min": 0.0,
            "25%": 1.0,
            "50%": 1.0,
            "75%": 1.0,
            "max": 1.0
        },
        "user_agent": {
            "count": 5650,
            "unique": 14,
            "top": "Mozilla/5.0 (Windows NT 10.0; Win64; x64; rv:121.0) Gecko/20100101 Firefox/121.0",
            "freq": 629,
            "mean": NaN,
            "std": NaN,
            "min": NaN,
            "25%": NaN,
            "50%": NaN,
            "75%": NaN,
            "max": NaN
        },
        "device_type": {
            "count": 5650,
            "unique": 2,
            "top": "desktop",
            "freq": 4541,
            "mean": NaN,
            "std": NaN,
            "min": NaN,
            "25%": NaN,
            "50%": NaN,
            "75%": NaN,
            "max": NaN
        },
        "browser_family": {
            "count": 5650,
            "unique": 5,
            "top": "chrome",
            "freq": 2237,
            "mean": NaN,
            "std": NaN,
            "min": NaN,
            "25%": NaN,
            "50%": NaN,
            "75%": NaN,
            "max": NaN
        },
        "os_family": {
            "count": 5650,
            "unique": 5,
            "top": "other",
            "freq": 2237,
            "mean": NaN,
            "std": NaN,
            "min": NaN,
            "25%": NaN,
            "50%": NaN,
            "75%": NaN,
            "max": NaN
        },
        "is_bot": {
            "count": 5650.0,
            "unique": NaN,
            "top": NaN,
            "freq": NaN,