{
    "describe_num": {
        "hour": {
            "count": 4198.0,
            "mean": 10.303716055264411,
            "std": 1.675039395447646,
            "min": 9.0,
            "25%": 9.0,
            "50%": 10.0,
            "75%": 11.0,
            "max": 14.0
        },
        "day_of_week": {
            "count": 4198.0,
            "mean": 5.198427822772749,
            "std": 1.5972717405052004,
            "min": 1.0,
            "25%": 6.0,
            "50%": 6.0,
            "75%": 6.0,
            "max": 6.0
        },
        "action_code": {
            "count": 4198.0,
            "mean": 1.8504049547403525,
            "std": 1.2598957178346903,
            "min": 0.0,
            "25%": 1.0,
            "50%": 2.0,
            "75%": 3.0,
            "max": 4.0
        },
        "actions_per_session": {
            "count": 4198.0,
            "mean": 2.5936160076226775,
            "std": 2.1445671343445545,
            "min": 1.0,
            "25%": 1.0,
            "50%": 1.0,
            "75%": 4.0,
            "max": 8.0
        },
        "session_duration_sec": {
            "count": 4198.0,
            "mean": 4.90409388518342,
            "std": 61.549919255830396,
            "min": 0.0,
            "25%": 0.0,
            "50%": 0.0,
            "75%": 2.728628,
            "max": 1789.325828
        },
        "time_diff_sec": {
            "count": 4198.0,
            "mean": 1.6607950109575988,
            "std": 40.39963438675139,
            "min": 0.0,
            "25%": 0.0,
            "50%": 0.0,
            "75%": 0.2860545,
            "max": 1789.325828
        },
        "is_private_ip": {
            "count": 4198.0,
            "mean": 0.8237255836112435,
            "std": 0.381098862595776,
            "min": 0.0,
            "25%": 1.0,
            "50%": 1.0,
            "75%": 1.0,
            "max": 1.0
        },
        "is_bot": {
            "count": 4198.0,
            "mean": 0.3823249166269652,
            "std": 0.4860132114946796,
            "min": 0.0,
            "25%": 0.0,
            "50%": 0.0,
            "75%": 1.0,
            "max": 1.0
        }
    },
    "describe_all": {
        "event_id": {
            "count": 4198,
            "unique": 4198,
            "top": "ed119fe3-e1ba-479f-b554-c83b9b11a730",
            "freq": 1,
            "mean": NaN,
            "std": NaN,
            "min": NaN,
            "25%": NaN,
            "50%": NaN,
            "75%": NaN,
            "max": NaN
        },
        "session_id": {
            "count": 4198,
            "unique": 2798,
            "top": "sess_0bd08b64014f",
            "freq": 8,
            "mean": NaN,
            "std": NaN,
            "min": NaN,
            "25%": NaN,
            "50%": NaN,
            "75%": NaN,
            "max": NaN
        },
        "timestamp": {
            "count": 4198,
            "unique": 4198,
            "top": "2025-12-14 12:08:13.163982",
            "freq": 1,
            "mean": NaN,
            "std": NaN,
            "min": NaN,
            "25%": NaN,
            "50%": NaN,
            "75%": NaN,
            "max": NaN
        },
        "event_time": {
            "count": 4198,
            "unique": 4198,
            "top": "2025-12-14 12:08:13.163982",
            "freq": 1,
            "mean": NaN,
            "std": NaN,
            "min": NaN,
            "25%": NaN,
            "50%": NaN,
            "75%": NaN,
            "max": NaN
        },
        "hour": {
            "count": 4198.0,
            "unique": NaN,
            "top": NaN,
            "freq": NaN,
            "mean": 10.303716055264411,
            "std": 1.675039395447646,
            "min": 9.0,
            "25%": 9.0,
            "50%": 10.0,
            "75%": 11.0,
            "max": 14.0
        },
        "day_of_week": {
            "count": 4198.0,
            "unique": NaN,
            "top": NaN,
            "freq": NaN,
            "mean": 5.198427822772749,
            "std": 1.5972717405052004,
            "min": 1.0,
            "25%": 6.0,
            "50%": 6.0,
            "75%": 6.0,
            "max": 6.0
        },
        "action": {
            "count": 4198,
            "unique": 5,
            "top": "page_view",
            "freq": 1741,
            "mean": NaN,
            "std": NaN,
            "min": NaN,
            "25%": NaN,
            "50%": NaN,
            "75%": NaN,
            "max": NaN
        },
        "action_code": {
            "count": 4198.0,
            "unique": NaN,
            "top": NaN,
            "freq": NaN,
            "mean": 1.8504049547403525,
            "std": 1.2598957178346903,
            "min": 0.0,
            "25%": 1.0,
            "50%": 2.0,
            "75%": 3.0,
            "max": 4.0
        },
        "actions_per_session": {
            "count": 4198.0,
            "unique": NaN,
            "top": NaN,
            "freq": NaN,
            "mean": 2.5936160076226775,
            "std": 2.1445671343445545,
            "min": 1.0,
            "25%": 1.0,
            "50%": 1.0,
            "75%": 4.0,
            "max": 8.0
        },
        "session_duration_sec": {
            "count": 4198.0,
            "unique": NaN,
            "top": NaN,
            "freq": NaN,
            "mean": 4.90409388518342,
            "std": 61.549919255830396,
            "min": 0.0,
            "25%": 0.0,
            "50%": 0.0,
            "75%": 2.728628,
            "max": 1789.325828
        },
        "time_diff_sec": {
            "count": 4198.0,
            "unique": NaN,
            "top": NaN,
            "freq": NaN,
            "mean": 1.6607950109575988,
            "std": 40.39963438675139,
            "min": 0.0,
            "25%": 0.0,
            "50%": 0.0,
            "75%": 0.2860545,
            "max": 1789.325828
        },
        "ip_address": {
            "count": 4198,
            "unique": 2733,
            "top": "157.55.39.82",
            "freq": 16,
            "mean": NaN,
            "std": NaN,
            "min": NaN,
            "25%": NaN,
            "50%": NaN,
            "75%": NaN,
            "max": NaN
        },
        "is_private_ip": {
            "count": 4198.0,
            "unique": NaN,
            "top": NaN,
            "freq": NaN,
            "mean": 0.8237255836112435,
            "std": 0.381098862595776,
            "min": 0.0,
            "25%": 1.0,
            "50%": 1.0,
            "75%": 1.0,
            "max": 1.0
        },
        "user_agent": {
            "count": 4198,
            "unique": 14,
            "top": "Mozilla/5.0 (Windows NT 10.0; Win64; x64; rv:121.0) Gecko/20100101 Firefox/121.0",
            "freq": 470,
            "mean": NaN,
            "std": NaN,
            "min": NaN,
            "25%": NaN,
            "50%": NaN,
            "75%": NaN,
            "max": NaN
        },
        "device_type": {
            "count": 4198,
            "unique": 2,
            "top": "desktop",
            "freq": 3389,
            "mean": NaN,
            "std": NaN,
            "min": NaN,
            "25%": NaN,
            "50%": NaN,
            "75%": NaN,
            "max": NaN
        },
        "browser_family": {
            "count": 4198,
            "unique": 5,
            "top": "chrome",
            "freq": 1678,
            "mean": NaN,
            "std": NaN,
            "min": NaN,
            "25%": NaN,
            "50%": NaN,
            "75%": NaN,
            "max": NaN
        },
        "os_family": {
            "count": 4198,
            "unique": 5,
            "top": "other",
            "freq": 1689,
            "mean": NaN,
            "std": NaN,
            "min": NaN,
            "25%": NaN,
            "50%": NaN,
            "75%": NaN,
            "max": NaN
        },
        "is_bot": {
            "count": 4198.0,
            "unique": NaN,
            "top": NaN,
            "freq": NaN,