{
    "bot_counts": {
        "0": 2593,
        "1": 1605
    },
    "bot_ratio": 0.3823249166269652,
    "avg_time_diff_bots": 3.383716147040498,
    "avg_time_diff_humans": 0.5943513459313536,
    "avg_session_duration_bots": 10.680825896573209,
    "avg_session_duration_humans": 1.328446033937524
}