{
    "bot_counts": {
        "0": 3530,
        "1": 2120
    },
    "bot_ratio": 0.3752212389380531,
    "avg_time_diff_bots": 3.335508339622641,
    "avg_time_diff_humans": 0.4770042855524079,
    "avg_session_duration_bots": 9.992014119811321,
    "avg_session_duration_humans": 1.1125115314447591
}