,hour,day_of_week,action_code,actions_per_session,session_duration_sec,time_diff_sec,is_private_ip,is_bot
hour,1.0,-0.37073461358189336,0.013856870904260285,0.024019964702406006,-0.006134593711012857,0.005552878461834259,-0.004945590284955616,0.033521922921341235
day_of_week,-0.37073461358189336,1.0,-0.016029708978762488,-0.3147802176856227,0.015030699679929408,0.013107505214765237,0.04064386337215787,-0.10480817697842211
action_code,0.013856870904260285,-0.016029708978762488,1.0,0.0013924909124692084,0.019492858519121987,0.024470981125863073,0.009577200575188833,0.01910558189443997
actions_per_session,0.024019964702406006,-0.3147802176856227,0.0013924909124692084,1.0,0.045539978703169094,0.006887966159498342,-0.19845173180601122,0.4526812660684723
session_duration_sec,-0.006134593711012857,0.015030699679929408,0.019492858519121987,0.045539978703169094,1.0,0.6551166199764971,-0.09363170722625051,0.07384867806674153
time_diff_sec,0.005552878461834259,0.013107505214765237,0.024470981125863073,0.006887966159498342,0.6551166199764971,1.0,-0.050132200136644,0.033556445883625434
is_private_ip,-0.004945590284955616,0.04064386337215787,0.009577200575188833,-0.19845173180601122,-0.09363170722625051,-0.050132200136644,1.0,-0.47992874339566327
is_bot,0.033521922921341235,-0.10480817697842211,0.01910558189443997,0.4526812660684723,0.07384867806674153,0.033556445883625434,-0.47992874339566327,1.0
